"id","address","name","first_seen","last_active","profit_rate","total_trades"
"1","9Q7D6o1AwTomCt3mot3WANT4PWcgP5XLvMUoCvzv3jv3","ACT WHALE","2025-02-08 17:35:13.235156","2025-02-08 17:35:13.235196","0","0"
"2","HYWo71Wk9PNDe5sBaRKazPnVyGnQDiwgXCFKvgAQ1ENp","AI Token Expert (Cents/Zerebro)","2025-02-08 17:35:13.959517","2025-02-08 17:35:13.959528","0","0"
"3","FneFUpqkjBx5KNGVWtsBY7TuUnS3962BQEgctWNje7mL","MES Wallet","2025-02-08 17:35:14.195082","2025-02-08 17:35:14.195089","0","0"
"4","5R4RJojpoKNwBcJNgVYGtwXdmhyEHWXGDBQqUnSpLfcW","MES 2nd Wallet","2025-02-08 17:35:14.430619","2025-02-08 17:35:14.430626","0","0"
"5","HaZtFxgw99iM97LxmwFuDW6k4MP1XwsWTGoy7GUoSELj","Cobie Wallet","2025-02-08 17:35:14.666755","2025-02-08 17:35:14.666774","0","0"
"6","2BU3NAzgRA2gg2MpzwwXpA8X4CCRaLgrf6TY1FKfJPX2","Vanquish Wallet ","2025-02-08 17:35:15.377173","2025-02-08 17:35:15.377187","0","0"
"7","BrNoqdHUCcv9yTncnZeSjSov8kqhpmzv1nAiPbq1M95H","@flippingprofits","2025-02-08 17:35:15.615285","2025-02-08 17:35:15.615299","0","0"
"8","8zFZHuSRuDpuAR7J6FzwyF3vKNx4CVW3DFHJerQhc7Zd","Pow Wallet","2025-02-08 17:35:15.852025","2025-02-08 17:35:15.852032","0","0"
"9","DKgvpfttzmJqZXdavDwTxwSVkajibjzJnN2FA99dyciK","Rowdy","2025-02-08 17:35:16.090841","2025-02-08 17:36:05.654179","0","0"
"10","DNfuF1L62WWyW3pNakVkyGGFzVVhj4Yr52jSmdTyeBHm","Gake","2025-02-08 17:35:16.32745","2025-02-08 17:35:59.269828","0","0"
"11","E82uKSzbi1YHuEPDkVV93xz5zE7phNeMmENQieyyX3kH","Artschool1","2025-02-08 17:35:16.751462","2025-02-08 17:35:16.751489","0","0"
"12","4WL1Ccf9iPr34uopFk91GoATNYRypX9KiEtoLC5FPPWr","P89 Whale Wallet","2025-02-08 17:35:17.031323","2025-02-08 17:35:17.031337","0","0"
"13","4q7rNU1nRUWY14vaLPpzpc2C756UQE36vaDwphBpLf2s","Gotrilla","2025-02-08 17:35:17.272068","2025-02-08 17:35:17.272082","0","0"
"14","9UWZFoiCHeYRLmzmDJhdMrP7wgrTw7DMSpPiT2eHgJHe","Based16z Wallet","2025-02-08 17:35:17.795521","2025-02-08 17:35:17.795549","0","0"
"15","AqoKWw6z5uUv3xuwF18AFvJUin1kipcLHBd1HZQNJV99","HWR Whale","2025-02-08 17:35:18.054602","2025-02-08 17:35:18.054609","0","0"
"16","8yJFWmVTQq69p6VJxGwpzW7ii7c5J9GRAtHCNMMQPydj","@lexaprotrader","2025-02-08 17:35:18.315778","2025-02-08 17:35:18.315784","0","0"
"17","3rSZJHysEk2ueFVovRLtZ8LGnQBMZGg96H2Q4jErspAF","Staqi","2025-02-08 17:35:18.840545","2025-02-08 17:36:03.161592","0","0"
"18","vQ33AcEii7mciXznW7TAqzpv18Z77PQHxSfJ7xNBHwU","Marcel Cook Club","2025-02-08 17:35:19.080918","2025-02-08 17:35:19.080925","0","0"
"19","Fc4pzs9bpZRxeJwZ8VCJmW6DTFcwYWuqfKDih75zvrjt","Full Metal Rapist","2025-02-08 17:35:19.315335","2025-02-08 17:35:19.315346","0","0"
"20","AVAZvHLR2PcWpDf8BXY4rVxNHYRBytycHkcB5z5QNXYm","Fansem","2025-02-08 17:35:19.553549","2025-02-08 17:36:02.621158","0","0"
"21","CxUEvsjASF9gVcf54Le36ykSDjPZ6RzoRdhmPwidmoV2","UM1","2025-02-08 17:35:19.822091","2025-02-08 17:35:19.822098","0","0"
"22","5jVuZ1j3hXrVzzgUQH4eBUFRPVggjGm27877aetK6gjq","UM2","2025-02-08 17:35:20.058759","2025-02-08 17:35:20.058765","0","0"
"23","GyhmtpsSS5YftjkRkFuqqAvV5hu1vR9EDfWnBMxcXihT","wynnwhale.sol (early to Mona)","2025-02-08 17:35:20.350085","2025-02-08 17:35:20.35011","0","0"
"24","FZhRoZvvhiNxuDjNwC2owbTDZi1q61rnaP9Ki86AoD24","Many Large X's","2025-02-08 17:35:20.616633","2025-02-08 17:35:20.616649","0","0"
"25","694X5Cuvx6xs4y2aDBu5U1RkZS4RTbcUCZ8qLbH7bVPc","AI Token Expert","2025-02-08 17:35:20.873434","2025-02-08 17:35:20.87345","0","0"
"26","22hQSTCXbgQdVVEUWBaHqZGwXuu18mnSp5jbrLvQzcxK","naturaled.sol","2025-02-08 17:35:21.129052","2025-02-08 17:35:21.129058","0","0"
"27","ApH45VZp3bhgGeFb2UBHTymxkjsGvNbrfAybd8TfXQLu","Fartcoin Guy","2025-02-08 17:35:21.396425","2025-02-08 17:35:21.396433","0","0"
"28","7FKXEXHJSzq5Tgz9TPvTcEmvhYrhpK4TFzVUWNrzZpqi","Memecoin Expert","2025-02-08 17:35:21.639863","2025-02-08 17:35:21.639871","0","0"
"29","rp8ntGS7P2k3faTvsRSWxQLa3B68DetNbwe1GHLiTUK","Early to Binary Many Large X's","2025-02-08 17:35:21.92027","2025-02-08 17:35:21.92028","0","0"
"30","71CPXu3TvH3iUKaY1bNkAAow24k6tjH473SsKprQBABC","ACT/CENTS WHALE","2025-02-08 17:35:22.159827","2025-02-08 17:35:22.159838","0","0"
"31","26kZ9rg8Y5pd4j1tdT4cbT8BQRu5uDbXkaVs3L5QasHy","Orangie Wallet","2025-02-08 17:35:22.449354","2025-02-08 17:35:22.44936","0","0"
"32","8sHfJ1WTV3HsfDJwRHtiseMsBHVrE5qNNrZgSYswxpgv","humanmev.eth","2025-02-08 17:35:22.684478","2025-02-08 17:35:22.684495","0","0"
"33","CgsM7KA8A5cuQ62zmWbCvnJLdXmS3P1rTZteho2i2PA8","Sometimes Early Whale","2025-02-08 17:35:22.969342","2025-02-08 17:35:22.969357","0","0"
"34","3kebnKw7cPdSkLRfiMEALyZJGZ4wdiSRvmoN4rD1yPzV","Bastille","2025-02-08 17:35:23.208975","2025-02-08 17:36:03.639528","0","0"
"35","J9QKW6w7ALr8pwhXayXJa1njC1AtJPpNGNMsb4HFXBdS","Magi Wallet","2025-02-08 17:35:23.495209","2025-02-08 17:35:23.495227","0","0"
"36","HdxkiXqeN6qpK2YbG51W23QSWj3Yygc1eEk2zwmKJExp","@0xIT4I","2025-02-08 17:35:23.737422","2025-02-08 17:35:23.737428","0","0"
"37","45yBcpnzFTqLYQJtjxsa1DdZkgrTYponCg6yLQ6LQPu6","fuckyourpnl sometimes good","2025-02-08 17:35:24.018165","2025-02-08 17:35:24.018181","0","0"
"38","8y9ox5P36vD6vhxAbX3s8zSVA2XneEdrqvFBvkwH7ajh","Wise Wallet ","2025-02-08 17:35:24.263991","2025-02-08 17:35:24.264005","0","0"
"39","8fSnLTnRViK83dDesivTsPx2wiRhwti9xoafeMGjEyLJ","615.sol","2025-02-08 17:35:24.539606","2025-02-08 17:35:24.539613","0","0"
"40","FTg1gqW7vPm4kdU1LPM7JJnizbgPdRDy2PitKw6mY27j","45.sol (MASSIVE Wins)","2025-02-08 17:35:24.779203","2025-02-08 17:35:24.779217","0","0"
"41","CNudZYFgpbT26fidsiNrWfHeGTBMMeVWqruZXsEkcUPc","Full Metal Rapist 2","2025-02-08 17:35:25.070099","2025-02-08 17:35:25.070106","0","0"
"42","Dcm8NDGaJeMdcWEjGUecNnzReJoAtYsKR8ir5ahRZuV1","AVGsw","2025-02-08 17:35:25.315259","2025-02-08 17:35:25.315269","0","0"
"43","8T9mnATndr2aUw9r28uTtxKSh2JfqJwrctW6XaWPHTgy","FromKush","2025-02-08 17:35:25.584369","2025-02-08 17:35:25.584385","0","0"
"44","6TGQ7yXbmYKrkbnhJQ54PePWBVNVxftnofZfAvcBMz24","AI a16z Algo ","2025-02-08 17:35:25.828706","2025-02-08 17:35:25.828715","0","0"
"45","6a8tue3kckFxexXB9tAzRNyB18gP4kTPbgYgRVq9KaZg","@d_gilz","2025-02-08 17:35:26.126873","2025-02-08 17:35:26.12691","0","0"
"46","B2T4HjkhhTYtKBtwQbgqhnJJtYkSEY7a5rm5K8V9FCZt","Russo1","2025-02-08 17:35:26.370136","2025-02-08 17:35:26.370161","0","0"
"47","AqzchHzpbDv8ZbQyd947tFu143FdQq8jQG5tanPn4Jzv","Russo Cabal","2025-02-08 17:35:26.634649","2025-02-08 17:35:26.634661","0","0"
"48","F6As7m1q8mZb3Y4JupWttnAC2N8W9KW8vAMhV8rPJBDi","Russo2","2025-02-08 17:35:26.874474","2025-02-08 17:35:26.874492","0","0"
"49","DnRF5usQjpZVJ5uwomsCPmAGng4eXAsc1eTNydMr4nHb","Russo3","2025-02-08 17:35:27.163194","2025-02-08 17:35:27.1632","0","0"
"50","2q7EXuJ8UDjM8BsVm7BB4E93NG2p1EZo3enwu3wM8Qxx","Russo7","2025-02-08 17:35:27.399965","2025-02-08 17:35:27.399984","0","0"
"51","6Ckr6s8bPEYEu13JNQ1W1jpUGN5aWW3ZTokjqAAtkgoT","JUP","2025-02-08 17:35:27.688548","2025-02-08 17:35:27.688563","0","0"
"52","Ky2QyHNz2H7K8c4pZnifdP3ogrG4JujwNEB5bTzFEL3","MillionMemes2","2025-02-08 17:35:27.92363","2025-02-08 17:35:27.923637","0","0"
"53","3QnBeoPMPB3H78WgJssep7rs3A8477LR2FhtwrnZoRie","MillionMemes","2025-02-08 17:35:28.219299","2025-02-08 17:35:28.219345","0","0"
"54","DxjmHXm1p7cs8Tezdf2EJm5xnwp9QC2E8CbfD1aXeH1j","HimGajRia","2025-02-08 17:35:28.455713","2025-02-08 17:35:28.455724","0","0"
"55","4v7nGvhrYgHxwkeVAUijm3HPaFLBA133Z3SBrxsFWjzD","PNL_1m_93%","2025-02-08 17:35:28.73575","2025-02-08 17:35:28.735757","0","0"
"56","FqL2yC57E833Qnc3TfEJw45gCQcxwPxrQvpAu4Cg2Tjr","Ignite","2025-02-08 17:35:28.980149","2025-02-08 17:35:28.980166","0","0"
"57","HVajxfNTWqLGxsfJA9DFThnvddveKfJLK8re1kNpeCVv","TATE","2025-02-08 17:35:29.258397","2025-02-08 17:35:29.258402","0","0"
"58","D3Z7weHeLGWA7eg1qwVB66NCs8YLxiDTBVE6Eb1tTmwg","TATE1","2025-02-08 17:35:29.499524","2025-02-08 17:35:29.499542","0","0"
"59","DFJZ7E2cAkUYf9jA91LVhnsQxJsWQHjs5itGjQffF8G9","HATE_NIG Snipe","2025-02-08 17:35:29.787479","2025-02-08 17:35:29.787492","0","0"
"60","HkiCryXaSgvYPHenUv2YYfcoYd8HcNgUUDKZdScpyP6Z","DLN_Twitter","2025-02-08 17:35:30.028968","2025-02-08 17:35:30.028976","0","0"
"61","ByizYrEaDWh8kN488bTeanSwV1xWaN97NAmvq57y2MhF","Insider","2025-02-08 17:35:30.315309","2025-02-08 17:35:30.315351","0","0"
"62","HMMCa4urRGSub1Emotaz5dJbG2YdAD5eEYSAocnpmVmf","123","2025-02-08 17:35:30.563809","2025-02-08 17:35:30.563821","0","0"
"63","EAov53rG4beBi7bmBVYgCf4yeHxBW7idgbUkCyyVxSCq","TRJ","2025-02-08 17:35:30.830692","2025-02-08 17:35:30.830697","0","0"
"64","GQWLRHtR18vy8myoHkgc9SMcSzwUdBjJ816vehSBwcis","Joji_bullx","2025-02-08 17:35:31.072876","2025-02-08 17:35:31.072882","0","0"
"65","8v77UNL9hcXeZKJYa29G1Sp5gKixUdmhqfnGApL9qhtk","InTheTrenches","2025-02-08 17:35:31.356191","2025-02-08 17:35:31.356194","0","0"
"66","5MNizMzFryXZC5JPxdH9ugfgmJcyLBKxENiGRAZygBRS","MillionMemes3","2025-02-08 17:35:31.595251","2025-02-08 17:35:31.595265","0","0"
"67","AonDkSa2EZ19U365YrY3bKLDbLf7cU1herGFTGxXYrcm","punkdoteth","2025-02-08 17:35:31.882208","2025-02-08 17:35:31.882217","0","0"
"68","4EsY8HQB4Ak65diFrSHjwWhKSGC8sKmnzyusM993gk2w","shark","2025-02-08 17:35:32.120366","2025-02-08 17:35:32.120374","0","0"
"69","D2wBctC1K2mEtA17i8ZfdEubkiksiAH2j8F7ri3ec71V","dior","2025-02-08 17:35:32.406016","2025-02-08 17:35:32.406044","0","0"
"70","8DGbkGgQewL9mx4aXzZCUChr7hBVXvPK9fYqSqc7Ajpn","bancrypto","2025-02-08 17:35:32.647337","2025-02-08 17:35:32.647344","0","0"
"71","4WiF3rUhUhxPQPPmM1xQRa35GxjadeAkjNphyazVebCE","mpaik","2025-02-08 17:35:32.924249","2025-02-08 17:35:32.924256","0","0"
"72","Gf9XgdmvNHt8fUTFsWAccNbKeyDXsgJyZN8iFJKg5Pbd","zhang","2025-02-08 17:35:33.165085","2025-02-08 17:35:33.165096","0","0"
"73","4J91SseDcJFHrvnczAtUtVM8rEPzqMKdRJ7SgS2wikaf","Waffle","2025-02-08 17:35:33.458163","2025-02-08 17:35:33.458173","0","0"
"74","89zyQK42DVeDV7NyqxAXSmKARRMHanHLHQVC25UFTykd","FTYKD","2025-02-08 17:35:33.694271","2025-02-08 17:35:33.694288","0","0"
"75","E9yUJro7vhZdpwqLbBcVoyw7AJzuTBifij3LQmD5y3ZU","UZU","2025-02-08 17:35:33.974427","2025-02-08 17:35:33.974435","0","0"
"76","3wi8waD5A64D7PLutUYJdhMcrYvDBTqeh3CRFgv1hFtY","Hefty1","2025-02-08 17:35:34.216926","2025-02-08 17:35:34.216939","0","0"
"77","DfMxre4cKmvogbLrPigxmibVTTQDuzjdXojWzjCXXhzj","TopTrader","2025-02-08 17:35:34.505161","2025-02-08 17:35:57.465526","0","0"
"78","8deJ9xeUvXSJwicYptA9mHsU2rN2pDx37KWzkDkEXhU6","Faye 67% w/r 400k PNL","2025-02-08 17:35:34.817188","2025-02-08 17:35:34.817192","0","0"
"79","APUnpSv4HDpNPfed4dPqAnz75REWYbM5vTHaTnApLe1P","Ford 65% 700k","2025-02-08 17:35:35.057902","2025-02-08 17:35:35.057912","0","0"
"80","AbcX4XBm7DJ3i9p29i6sU8WLmiW4FWY5tiwB9D6UBbcE","50% 1.3mil","2025-02-08 17:35:35.295292","2025-02-08 17:35:35.295299","0","0"
"81","3chBgbWqSnvPcerdAMyyr6cC3C8mSkWXLgxFjSwQWXDT","LindyRapist","2025-02-08 17:35:35.557077","2025-02-08 17:35:35.557089","0","0"
"82","4hSXPtxZgXFpo6Vxq9yqxNjcBoqWN3VoaPJWonUtupzD","Sahil","2025-02-08 17:35:35.803336","2025-02-08 17:35:53.898731","0","0"
"83","BBgwD3eSnQHvhESbeozdTP9G2DcqB4wFgxeP4dADFuud","ARC Whale","2025-02-08 17:35:36.078503","2025-02-08 17:35:36.078508","0","0"
"84","4UtsTXeM6DpYXJJbZRCrD1Zhsaby7mfFMmi9ZhqWeeus","Talia","2025-02-08 17:35:36.313281","2025-02-08 17:35:36.313288","0","0"
"85","7HGwBPjoGBqHnSPqv2JF9QnySKuojmUKgH8hiHYGesQA","Tanner","2025-02-08 17:35:36.604439","2025-02-08 17:35:36.604449","0","0"
"86","Ay9wnuZCRTceZJuRpGZnuwYZuWdsviM4cMiCwFoSQiPH","Finn","2025-02-08 17:35:36.842207","2025-02-08 17:35:36.842213","0","0"
"87","6vdXD7uu4zBXMjWecqMPWGsy5H7dSQXSYJS4gNqGbvTt","Hunter","2025-02-08 17:35:37.124623","2025-02-08 17:35:37.124633","0","0"
"88","CrkK539YNKbsCRWYnH5oEs8Nnn66BjgkdvFEZ8mQ58gk","Tyler","2025-02-08 17:35:37.362851","2025-02-08 17:35:37.362858","0","0"
"89","CWvdyvKHEu8Z6QqGraJT3sLPyp9bJfFhoXcxUYRKC8ou","HWRNig","2025-02-08 17:35:37.649933","2025-02-08 17:35:37.649946","0","0"
"90","5YkZmuaLhrPjFv4vtYE2mcR6J4JEXG1EARGh8YYFo8s4","Clark","2025-02-08 17:35:37.890464","2025-02-08 17:35:37.890473","0","0"
"91","DGUsUCag4DdfbA4ebRuN8L7cTmHbDyPJxpjdUCRua2T6","Bongo","2025-02-08 17:35:38.174797","2025-02-08 17:35:38.174896","0","0"
"92","C3nLTNMK6Ao1s3J1CQhv8GbT3NoMmifWoi9PGEcYd9hP","LIon","2025-02-08 17:35:38.412819","2025-02-08 17:35:38.412825","0","0"
"93","2cxjRs8bt5EBxbcSJkY1AXLX5UCYq23pWn83EckDMdCv","LIon2","2025-02-08 17:35:38.698594","2025-02-08 17:35:38.698622","0","0"
"94","5pRpKmNNskgSzeJ6S7Pr6KEHuLpBbQAgjKH74pMn1q62","Worthy","2025-02-08 17:35:38.937167","2025-02-08 17:35:38.937173","0","0"
"95","215nhcAHjQQGgwpQSJQ7zR26etbjjtVdW74NLzwEgQjP","HighX'sSWARM","2025-02-08 17:35:39.222572","2025-02-08 17:35:39.222588","0","0"
"96","3h65MmPZksoKKyEpEjnWU2Yk2iYT5oZDNitGy5cTaxoE","jaydennfnf","2025-02-08 17:35:39.462396","2025-02-08 17:36:04.869954","0","0"
"97","GfXQesPe3Zuwg8JhAt6Cg8euJDTVx751enp9EQQmhzPH","@spunosounds","2025-02-08 17:35:39.743669","2025-02-08 17:35:39.743677","0","0"
"98","E57hYjjwNAnvXe67C1q7nKRdC2jWMRGLWAJsBJAJrgzR","PisscoinWallet","2025-02-08 17:35:39.983582","2025-02-08 17:35:39.983594","0","0"
"99","5WRoMdhyQSuRRTAUkxjB8Cu3ss15d2e1Autvi6aGfF3s","bonkguy","2025-02-08 17:35:40.270971","2025-02-08 17:35:40.270979","0","0"
"100","FZVdsFTRTWwZEy6XC5GCtHNWdcAwiQtAeJ2NSpH6cQNz","FlipperG","2025-02-08 17:35:40.508339","2025-02-08 17:35:40.508359","0","0"
"101","EDmbDc7sY87dKszqyZ3rHczWbKcCyUvJQSJpE3Cg4RcZ","ZKAIFlippr","2025-02-08 17:35:40.798872","2025-02-08 17:35:40.798879","0","0"
"102","CQebvvvtypuCPELNxYEb6v57rJo65ZfKBY7utxqQ5E6R","ATMWhale","2025-02-08 17:35:41.037137","2025-02-08 17:35:41.037145","0","0"
"103","ATmKENkRrL1JQQnoUNAQvkiwgjiHKUkzyncxTGxyzQL1","Rondo 92%","2025-02-08 17:35:41.319674","2025-02-08 17:35:41.319684","0","0"
"104","7xttAb7Wo13tgbc5gPvs1azNddtfeBnVJQ8Z9muL2mLa","KANRpst","2025-02-08 17:35:41.559798","2025-02-08 17:35:41.559811","0","0"
"105","CG2JcDELpCMtcph6Skdza4PySKko3DRFyY3VBUEX8wTE","Peter","2025-02-08 17:35:41.84451","2025-02-08 17:35:41.844531","0","0"
"106","AAAAA1nkJsiY6yM4vfUc8PX2LxFHCpyxM18SjAMyWmVV","MetaPickerBot","2025-02-08 17:35:42.084351","2025-02-08 17:35:42.084359","0","0"
"107","GKkAtLcxAqEQScvYurWy6kFGrdXoVsnSadDiau9YiTLL","Smallxonsize","2025-02-08 17:35:42.36024","2025-02-08 17:35:42.360253","0","0"
"108","RFSqPtn1JfavGiUD4HJsZyYXvZsycxf31hnYfbyG6iB","George","2025-02-08 17:35:42.595278","2025-02-08 17:35:42.595287","0","0"
"109","GTvBQnRvAPweU2qmYg8MDLND2PAAyYFKe35aKQGMRDaL","@polarsterrr","2025-02-08 17:35:42.893193","2025-02-08 17:35:42.893198","0","0"
"110","4aDdi3EiDPMbeZ3e5BvbFMt4vfJaoahaHxZuwKQRtFc1","@NachSOL","2025-02-08 17:35:43.13425","2025-02-08 17:35:43.13426","0","0"
"111","4M8QVddY7Ld8eAaHoYcWKPxQcwxVuZsXMFKsm8921Uzd","kimchi1x","2025-02-08 17:35:43.415913","2025-02-08 17:35:43.415922","0","0"
"112","4XMPyWFsYdNcCN4FG8geyytyTeUNacn4QundBzMqbGGT","@Stxticcss","2025-02-08 17:35:43.650135","2025-02-08 17:35:43.650147","0","0"
"113","7SDs3PjT2mswKQ7Zo4FTucn9gJdtuW4jaacPA65BseHS","instens","2025-02-08 17:35:43.941112","2025-02-08 17:36:05.351656","0","0"
"114","8MaVa9kdt3NW4Q5HyNAm1X5LbR8PQRVDc1W8NMVK88D5","@daumeneth","2025-02-08 17:35:44.24906","2025-02-08 17:35:44.249071","0","0"
"115","DGPYpCdiVg2shab2TnNiZ2RnsjBQSmhgN71hJyWC5cYn","@quanterty","2025-02-08 17:35:44.485574","2025-02-08 17:35:44.485588","0","0"
"116","ApRnQN2HkbCn7W2WWiT2FEKvuKJp9LugRyAE1a9Hdz1","@solkcrow","2025-02-08 17:35:44.720457","2025-02-08 17:35:44.720481","0","0"
"117","8nixZ9mP1CnzFdDMRhQ7qRuDnJuTgzvLjVABHxNT53es","Bella","2025-02-08 17:35:44.989015","2025-02-08 17:35:44.989028","0","0"
"118","5mHAf3m4gs2v5web3FVHYK3o8Nk7V4ryWJd6Un2C3QNi","Liam","2025-02-08 17:35:45.224485","2025-02-08 17:35:45.224493","0","0"
"119","5AqbjAg3u2mSemHbmA3HPzcaTr3Xuosax4vsW3t8gPAr","Noah","2025-02-08 17:35:45.512541","2025-02-08 17:35:45.512559","0","0"
"120","9igeudQ2gEX6d5bDqnYuh44iTUH8eyFC5mkFLG5kQVmj","Emma","2025-02-08 17:35:45.756077","2025-02-08 17:35:45.756091","0","0"
"121","CRKi3MBRXipbqPNjCpZuw4ccoFNNLHkXJCL2DeaUW7ST","Luca","2025-02-08 17:35:46.036685","2025-02-08 17:35:46.036702","0","0"
"122","dc5Lj8UMqurRTbgEmq7VuS8mHSbWfGfc8f4veQrzM1t","MetaFindr2","2025-02-08 17:35:46.279985","2025-02-08 17:35:46.279991","0","0"
"123","9ouvTFmDptHpxTiySZWX39653t9wE3bhXvxtMriDTjEu","Metabotkilr","2025-02-08 17:35:46.554658","2025-02-08 17:35:46.554672","0","0"
"124","FHbs3hBdLauHFchEkXwqVeuYgLb2Wi8SvEhbC3kSTfR9","RTN","2025-02-08 17:35:46.799675","2025-02-08 17:35:46.799687","0","0"
"125","6t1T8V7e6Tttq6rrYps2RupoSKBHDzbwcKnr5kzZ8Lot","@cryptodemedici","2025-02-08 17:35:47.085596","2025-02-08 17:35:47.085601","0","0"
"126","BequYtmFhQqzkNdvPfAuMeQySkq2EbCLtt3piUdqU3zR","@xbtDLN","2025-02-08 17:35:47.32788","2025-02-08 17:35:47.327893","0","0"
"127","7Z3y2vdSkephzKtuViSFnPENngjrBWHgSeFRtLEB4sT5","Taylor","2025-02-08 17:35:47.603331","2025-02-08 17:35:47.603339","0","0"
"128","4CqecFud362LKgALvChyhj6276he3Sy8yKim1uvFNV1m","Thomas","2025-02-08 17:35:47.84753","2025-02-08 17:35:47.847545","0","0"
"129","4HESqoE7RgFnARJ6Dg1V2cS9DNyhZ5Ux2CrVjzuLvQzN","Trevor","2025-02-08 17:35:48.132429","2025-02-08 17:35:48.132436","0","0"
"130","A4DCAjDwkq5jYhNoZ5Xn2NbkTLimARkerVv81w2dhXgL","Tyler 2","2025-02-08 17:35:48.369376","2025-02-08 17:35:48.369384","0","0"
"131","DmHjLsMGfkNwpvYDxdv1C7YnsDvG2JAFUkVrGRxGgQJY","Sabino","2025-02-08 17:35:48.651922","2025-02-08 17:35:48.651942","0","0"
"132","5iCuPUBYg4QbNnagfCi5N7oXGPmpsQcE1e6TLhUyXhp8","Sabra","2025-02-08 17:35:48.890262","2025-02-08 17:35:48.890271","0","0"
"133","4jgigDDym3SpE8JQwefom7WpnSv4Y5UmCKJcJ2yqPJKP","Sadonia","2025-02-08 17:35:49.18422","2025-02-08 17:35:49.184227","0","0"
"134","AQwdk9o33dusTLbZB4CtcAqii8uj9QFVmtjEGxmSKpvP","Samira","2025-02-08 17:35:49.420935","2025-02-08 17:35:49.420947","0","0"
"135","BYwYtHNvAgXKswY5QMLfwujVctGxoumtYyYk2pUTFnST","Sanjay","2025-02-08 17:35:49.704115","2025-02-08 17:35:49.704128","0","0"
"136","GgG65z3MXpmGnV3ZapKv5ayDqox1x7CJnqP1LD8FaZdt","Santino","2025-02-08 17:35:49.943427","2025-02-08 17:35:49.943439","0","0"
"137","9xeabvRGYoETTi5xM2gJVpKw2SUoGcvJZg3uKtgZdFAa","Seth","2025-02-08 17:35:50.236988","2025-02-08 17:35:50.236995","0","0"
"138","7ApSnvCMsgL6XxfTbJ8uUUNBtZUBECURQqaFFhDvTz1n","Shea","2025-02-08 17:35:50.476899","2025-02-08 17:35:50.476956","0","0"
"139","Gdaqp3ND6r3HVAWXpawkQU18EuQqwNxpaeeio8ASVAYd","Sonny","2025-02-08 17:35:50.755986","2025-02-08 17:35:50.756004","0","0"
"140","4wzPiLRqQzfSCzdKU2fyhoKKJpk3Cb7ZkaMrvY9dLtFG","Sparrow","2025-02-08 17:35:50.996264","2025-02-08 17:35:50.996284","0","0"
"141","8s6YfJg7Xa2qHqgW8YhjRMwsMULcYhR1GVPx5pXmFFcx","Stetson","2025-02-08 17:35:51.287088","2025-02-08 17:35:51.287096","0","0"
"142","DecXrBS8ADaac7yqLcC6WxNNAfMhVsF1SHmvSNv66yDe","Stevie","2025-02-08 17:35:51.618795","2025-02-08 17:35:51.618816","0","0"
"143","D9zTuxgAEzmZGfMG3TV7SXQECTo22B1vGdXhB3J7v3ED","Sunny","2025-02-08 17:35:51.859988","2025-02-08 17:35:51.859995","0","0"
"144","4dKn5zpid9CyTnrJpcFM9uZ8usCdDe3Xm58bnXp2Pps6","Sybil","2025-02-08 17:35:52.101109","2025-02-08 17:35:52.101116","0","0"
"145","ECCKBDWX3MkEcf3bULbLBb9FvrEQLsmPMFTKFpvjzqgP","Fred","2025-02-08 17:35:52.332594","2025-02-08 17:35:52.332626","0","0"
"146","BfqnXcRSDDJXSfCyT8oWxoBSUWTTxjcqqL4gqYfCvmYW","Ray","2025-02-08 17:35:52.569649","2025-02-08 17:35:52.569667","0","0"
"147","ASgit1viCcskiYtTtyNs8dPS31mr4VgU9efRDMp3FMQH","TrenchesNigga","2025-02-08 17:35:52.852138","2025-02-08 17:35:52.852145","0","0"
"148","E37HKTRy2mqpwD6EM8fZdPUjLKQCz38zFMKoTcbR6vnu","PopcatWhale1","2025-02-08 17:35:53.08413","2025-02-08 17:35:53.084134","0","0"
"149","8CGJPWdM7xZX5E2ZE7qw5TiNUgpLyUeXJAnHr5goezeD","PopcatWhale2","2025-02-08 17:35:53.376898","2025-02-08 17:35:53.376905","0","0"
"150","GKT2j5gPqY2ZKfhaGB5cn5bTHLSKTUrULe8wG1QwmLpt","Cozy","2025-02-08 17:35:53.612432","2025-02-08 17:35:53.612441","0","0"
"152","4Be9CvxqHW6BYiRAxW9Q3xu1ycTMWaL5z8NX4HR3ha7t","Mitch","2025-02-08 17:35:54.140457","2025-02-08 17:35:54.140464","0","0"
"153","GeXAHmmETnizW6af4E2e64ju8mTkLdEQzxUiAjJVo6NZ","Brax","2025-02-08 17:35:54.428678","2025-02-08 17:35:54.428685","0","0"
"154","FhtNZgkWCPkt5MJCuhokqxDbU9Cf5xoRkb38cPWXQtDz","Sahil2","2025-02-08 17:35:54.667868","2025-02-08 17:35:54.667874","0","0"
"155","6zMFHU4mrMt19PduATynoTxAdFBfLKWFJgaowzjYURxX","1ofTheNiggas","2025-02-08 17:35:54.951622","2025-02-08 17:35:54.951653","0","0"
"156","28ipXVfkdmu1PDowCHbcSfzkpH9edZmSiVoDhY5xGVfR","nobody","2025-02-08 17:35:55.193365","2025-02-08 17:35:55.19338","0","0"
"157","EBMAXwgiba1zpVwEo9DVLpRWzzoE6QCZFXZ955KhK8Cv","HatoCTOLead","2025-02-08 17:35:55.477797","2025-02-08 17:35:55.477802","0","0"
"158","5p5yzFvRNnJcHLmFFwkokeaPYLeFaYy4JEaT3HGQBTtN","Slingor","2025-02-08 17:35:55.718524","2025-02-08 17:35:55.718528","0","0"
"159","2RssnB7hcrnBEx55hXMKT1E7gN27g9ecQFbbCc5Zjajq","ChineseInsider","2025-02-08 17:35:55.999837","2025-02-08 17:35:55.999849","0","0"
"160","4K1QY4aSGveSZ5UUpeG6LP6JsqkSZPvBMo3JD2YTmCCE","CabalApeFast","2025-02-08 17:35:56.24692","2025-02-08 17:35:56.246929","0","0"
"161","3tc4BVAdzjr1JpeZu6NAjLHyp4kK3iic7TexMBYGJ4Xk","ApeInstaInsider","2025-02-08 17:35:56.483665","2025-02-08 17:35:56.483678","0","0"
"162","BPPZ8DcwL9Y4naMA7wCWJj4i3cFFnn5cf1UGNhizRCi3","MidInsider","2025-02-08 17:35:56.741032","2025-02-08 17:35:56.741042","0","0"
"163","FVxeFYgyT4GC6D7gaLkMSu2qtSJfw2N4RVPZowi2A64Y","GudInsider","2025-02-08 17:35:56.984019","2025-02-08 17:35:56.984031","0","0"
"164","E7uYMuvKj5KKv8m6piTpHJLgaZ4izqTz7e11734k7k57","Peely","2025-02-08 17:35:57.219986","2025-02-08 17:35:57.220032","0","0"
"166","7MwJ4ki4cGdMBhNg32uKJxAL1kTu8yoxu9a83772zscr","Z","2025-02-08 17:35:57.767076","2025-02-08 17:35:57.767083","0","0"
"167","9kgWabYz9XSCEcW8fEudTrsgczSzDF8PcGdp5iewXBQw","Lookbro","2025-02-08 17:35:58.025045","2025-02-08 17:35:58.025051","0","0"
"168","8bfik1yNp64YcYYPjsCX2iytU2gGhn4SRx7cKUFdrEv1","Tobi","2025-02-08 17:35:58.31243","2025-02-08 17:35:58.312444","0","0"
"169","Ed5bfSHERfboAdZGbuZkwybNQWtCnrRzZBS99NrdnWb4","RamPublic","2025-02-08 17:35:58.549605","2025-02-08 17:35:58.549614","0","0"
"170","7mvELw2y51EmjLYwrfCpQXWiS6LggVtHgbLAURY3v3e8","Jhonny digit","2025-02-08 17:35:58.790664","2025-02-08 17:35:58.79067","0","0"
"171","DESsE2NhrsHWQxTxSF38VdXDsjhcUfyaj7J4GJzusRgM","Holdcat Insider","2025-02-08 17:35:59.032139","2025-02-08 17:35:59.032145","0","0"
"173","9jyqFiLnruggwNn4EQwBNFXwpbLM9hrA4hV59ytyAVVz","Aperal Maybe","2025-02-08 17:35:59.508745","2025-02-08 17:35:59.50875","0","0"
"174","6xuHr5JX5qKMHEcuqbxUwon8TTTmeqL5bvHDh6zFCZ45","Aperal Maybe2","2025-02-08 17:35:59.750133","2025-02-08 17:35:59.750142","0","0"
"175","4zq1iLpmepj2Rj7W6A3XQMRQA1HyjYqVpZiBzM6aPyH7","Orangie","2025-02-08 17:35:59.990555","2025-02-08 17:35:59.990573","0","0"
"176","G9aQdwMgPXxVWhZ4TsGCZzXn1fLHzNELrKdppNjRPPBv","Satoshi Wife","2025-02-08 17:36:00.232904","2025-02-08 17:36:00.232918","0","0"
"177","J31SLJBmXYQoh5JBAq1BMbvRizbCAhuyQhoFMKy2R1aW","Foerde","2025-02-08 17:36:00.475436","2025-02-08 17:36:00.475444","0","0"
"178","DsKQFQf5jREYp5fqERtmgMcJVDLSwENq5kiT1yPbobZa","Dawn","2025-02-08 17:36:00.718393","2025-02-08 17:36:00.718407","0","0"
"179","G7Y4yasB1kNbt1ecX9FkCGEPSbQPAu4Ms9RenYCrhc5N","Chart Painter","2025-02-08 17:36:00.953368","2025-02-08 17:36:00.953374","0","0"
"180","A8bzshzYKQU6SSttSi7cPdmA4zdPYRt5saxuK1PrTzEp","Suga alt","2025-02-08 17:36:01.19031","2025-02-08 17:36:01.190319","0","0"
"181","96sErVjEN7LNJ6Uvj63bdRWZxNuBngj56fnT9biHLKBf","Digi orange","2025-02-08 17:36:01.425444","2025-02-08 17:36:01.425451","0","0"
"182","58FgvDQYppLJRq1jCB4oMi9AXZPJGomEVURHVHypve3L","Aperal Maybe3","2025-02-08 17:36:01.66684","2025-02-08 17:36:01.666847","0","0"
"183","7DymVrk2v3NeTDMHgrBq5H96usSsK6Ab7nV4k8L3HzNz","Saha real","2025-02-08 17:36:01.904633","2025-02-08 17:36:01.904639","0","0"
"184","DgfaNhF11oY7vFZH2fYAfdNAfhngtG5AAkbK9dmxm7G7","Nerotix 2","2025-02-08 17:36:02.138716","2025-02-08 17:36:02.138723","0","0"
"185","GJA1HEbxGnqBhBifH9uQauzXSB53to5rhDrzmKxhSU65","Latuche","2025-02-08 17:36:02.380527","2025-02-08 17:36:02.380547","0","0"
"187","HtucFepgUkMpHdrYsxMqjBNN6qVBdjmFaLZneNXopuJm","Qaunt","2025-02-08 17:36:02.859399","2025-02-08 17:36:02.859409","0","0"
"189","9vWutdTBs66hWkeCmxaLFpkKy4q5RSe8DsFjfdxj5yFA","dutch","2025-02-08 17:36:03.395257","2025-02-08 17:36:03.395267","0","0"
"191","CRVidEDtEUTYZisCxBZkpELzhQc9eauMLR3FWg74tReL","Frank","2025-02-08 17:36:03.911903","2025-02-08 17:36:03.911912","0","0"
"192","2HWT2KLLdN2wxYTqdSuko5SBzg2SEJASgV4GE2tD7TML","Catolic","2025-02-08 17:36:04.150721","2025-02-08 17:36:04.150734","0","0"
"193","6RoLbZJWJHpTk4sdPsWzocEHiRtzPS36WcBjnMXuQrfU","Jugg","2025-02-08 17:36:04.38558","2025-02-08 17:36:04.385592","0","0"
"194","HrTZPWV4ZPebBiwyzoTBajCD49kQqVwf4dwsLuYG8CXX","Killz","2025-02-08 17:36:04.620058","2025-02-08 17:36:04.620064","0","0"
"196","Gr34KrdUAQvH5Hz3VYpa2BiZLx9N4MDLccE4ksaHPubp","jaydennfnf2","2025-02-08 17:36:05.10572","2025-02-08 17:36:05.105727","0","0"
"199","EdDCRfDDeiiDXdntrP59abH4DXHFNU48zpMPYisDMjA7","Mezoteric","2025-02-08 17:36:05.894816","2025-02-08 17:36:05.894825","0","0"
"200","5jMW1hzAKZSYbLvpHf6UviQ8PoSMmdh8LY8ZYPyb94ve","SerpentsGame","2025-02-08 17:36:06.129311","2025-02-08 17:36:06.129319","0","0"
"201","HUpPyLU8KWisCAr3mzWy2FKT6uuxQ2qGgJQxyTpDoes5","Oxsun","2025-02-08 17:36:06.368205","2025-02-08 17:36:06.368223","0","0"
"202","BD7oWkEQsUwE8sj4UT7jtrGjHC8Gq1iRqXY7U6DTbJpf","GH0STEE (Nova )","2025-02-08 17:36:06.609036","2025-02-08 17:36:06.609042","0","0"
"203","73LnJ7G9ffBDjEBGgJDdgvLUhD5APLonKrNiHsKDCw5B","Waddles","2025-02-08 17:36:07.043254","2025-02-08 17:36:07.043267","0","0"
"204","HydraNtEmp8GCfWayGDB7dpR9SyH4eBAha2MTFa3xMx2","BIG BALLS","2025-02-08 17:36:07.31608","2025-02-08 17:36:07.316092","0","0"
"205","BTCe7rnxYP4oU9r1j3bF25JMfV6nxt9gRZgRFZxU9iV","Deep","2025-02-08 17:36:08.091461","2025-02-08 17:36:08.091472","0","0"
"206","5B52w1ZW9tuwUduueP5J7HXz5AcGfruGoX6YoAudvyxG","Gacha","2025-02-08 17:36:08.325087","2025-02-08 17:36:08.325126","0","0"
"207","EfbbhahGNuhqEraRZXrwETfsaKxScngEttdQixWAW4WE","Xaio mou","2025-02-08 17:36:08.616402","2025-02-08 17:36:08.616416","0","0"
"208","ETcmHKVYg2TrU83cZbP6BNoitfztUdGVagWNSmGyzycG","$3m stable",,,,